substituent,SMILES,Hammett Constant,SMILE Substituent,Isomer,Connecting atom,XLogP
[Se]CH=CHCl-m,O=C(O)C1=CC([Se]/C=C/Cl)=CC=C1,0.28,[Se]/C=C/Cl,1,34,3.191
B(OH)2-m,O=C(O)C1=CC=CC(B(O)O)=C1,-0.01,B(O)O,1,5,0.662
B(OH)2-p,O=C(O)C1=CC=C(B(O)O)C=C1,0.12,B(O)O,2,5,0.662
B(OH)3- -m,O=C(O)C1=CC=CC([B-](O)(O)O)=C1,-0.48,[B-](O)(O)O,1,5,0.195
B(OH)3- -p,O=C(O)C1=CC=C([B-](O)(O)O)C=C1,-0.44,[B-](O)(O)O,2,5,0.195
BF2-m,O=C(O)C1=CC=CC(B(F)F)=C1,0.32,B(F)F,1,5,2.483
BF2-p,O=C(O)C1=CC=C(B(F)F)C=C1,0.48,B(F)F,2,5,2.483
Br-m,C1=CC(=CC(=C1)Br)C(=O)O,0.39,Br,1,35,2.435
Br-p,C1=CC(=CC=C1C(=O)O)Br,0.23,Br,2,35,2.435
C(Me)(NO2)2 -m,O=C(O)C1=CC(C([N+]([O-])=O)(C)[N+]([O-])=O)=CC=C1,0.54,C([N+]([O-])=O)(C)[N+]([O-])=O,1,6,2.161
C(Me)(NO2)2 -p,O=C(O)C1=CC=C(C([N+]([O-])=O)(C)[N+]([O-])=O)C=C1,0.61,C([N+]([O-])=O)(C)[N+]([O-])=O,2,6,2.161
C(NO2)3 -m,O=C(O)C1=CC=CC(C([N+]([O-])=O)([N+]([O-])=O)[N+]([O-])=O)=C1,0.72,C([N+]([O-])=O)([N+]([O-])=O)[N+]([O-])=O,1,6,2.013
C(NO2)3 -p,O=C(O)C1=CC=C(C([N+]([O-])=O)([N+]([O-])=O)[N+]([O-])=O)C=C1,0.82,C([N+]([O-])=O)([N+]([O-])=O)[N+]([O-])=O,2,6,2.013
C(OH)(CF3)2-m,O=C(O)C1=CC(C(C(F)(F)F)(C(F)(F)F)O)=CC=C1,0.29,C(C(F)(F)F)(C(F)(F)F)O,1,6,3.466
C(OH)(CF3)2-p,O=C(O)C1=CC=C(C(C(F)(F)F)(C(F)(F)F)O)C=C1,0.3,C(C(F)(F)F)(C(F)(F)F)O,2,6,3.466
CBr3-m,C1=CC(=CC(=C1)C(Br)(Br)Br)C(=O)O,0.28,C(Br)(Br)Br,1,6,3.987
CBr3-p,C1=CC(=CC=C1C(=O)O)C(Br)(Br)Br,0.29,C(Br)(Br)Br,2,6,3.987
CCCF3-m,O=C(O)C1=CC(C#CC(F)(F)F)=CC=C1,0.41,C#CC(F)(F)F,1,6,3.222
CCCF3-p,O=C(O)C1=CC=C(C#CC(F)(F)F)C=C1,0.51,C#CC(F)(F)F,2,6,3.222
CCCH3-m,O=C(O)C1=CC(C#CC)=CC=C1,0.21,C#CC,1,6,2.734
CCCH3-p,O=C(O)C1=CC=C(C#CC)C=C1,0.03,C#CC,2,6,2.734
CCl3-m,C1=CC(=CC(=C1)C(Cl)(Cl)Cl)C(=O)O,0.4,C(Cl)(Cl)Cl,1,6,2.973
CCl3-p,C1=CC(=CC=C1C(=O)O)C(Cl)(Cl)Cl,0.46,C(Cl)(Cl)Cl,2,6,2.973
CF(CF3)2-m,O=C(O)C1=CC(C(C(F)(F)F)(C(F)(F)F)F)=CC=C1,0.37,C(C(F)(F)F)(C(F)(F)F)F,1,6,4.461
CF(CF3)2-p,O=C(O)C1=CC=C(C(C(F)(F)F)(C(F)(F)F)F)C=C1,0.53,C(C(F)(F)F)(C(F)(F)F)F,2,6,4.461
CF2CF2CF3-m,O=C(O)C1=CC(C(F)(F)C(F)(F)C(F)(F)F)=CC=C1,0.44,C(F)(F)C(F)(F)C(F)(F)F,1,6,4.324
CF2CF2CF3-p,O=C(O)C1=CC=C(C(F)(F)C(F)(F)C(F)(F)F)C=C1,0.48,C(F)(F)C(F)(F)C(F)(F)F,2,6,4.324
CF2CF3-m,O=C(O)C1=CC=CC(C(F)(F)C(F)(F)F)=C1,0.47,C(F)(F)C(F)(F)F,1,6,3.443
CF2CF3-p,O=C(O)C1=CC=C(C(F)(F)C(F)(F)F)C=C1,0.52,C(F)(F)C(F)(F)F,2,6,3.443
CF2H-m,C1=CC(=CC(=C1)C(F)F)C(=O)O,0.29,C(F)F,1,6,2.24
CF2H-p,C1=CC(=CC=C1C(=O)O)C(F)F,0.32,C(F)F,2,6,2.24
CF3-m,C1=CC(=CC(=C1)C(F)(F)F)C(=O)O,0.43,C(F)(F)F,1,6,2.562
CF3-p,C1=CC(=CC=C1C(=O)O)C(F)(F)F,0.54,C(F)(F)F,2,6,2.562
Ch=CH2-m,O=C(O)C1=CC(C=C)=CC=C1,0.06,C=C,1,6,2.574
Ch=CH2-p,O=C(O)C1=CC=C(C=C)C=C1,-0.04,C=C,2,6,2.574
CH2Br-m,C1=CC(=CC(=C1)CBr)C(=O)O,0.12,CBr,1,6,2.438
CH2Br-p,C1=CC(=CC=C1CBr)C(=O)O,0.14,CBr,2,6,2.438
CH2CH=CH2-m,O=C(O)C1=CC=CC(CC=C)=C1,-0.11,CC=C,1,6,2.93
CH2CH=CH2-p,O=C(O)C1=CC=C(C=C)C=C1,-0.14,CC=C,2,6,2.574
CH2CH2CH3-m,CCCC1=CC=CC(=C1)C(=O)O,-0.06,CCC,1,6,3.107
CH2CH2CH3-p,CCCC1=CC=C(C=C1)C(=O)O,-0.13,CCC,2,6,3.107
CH2CH3-m,CCC1=CC=CC(=C1)C(=O)O,-0.07,CC,1,6,2.538
CH2CH3NH3+ -m,O=C(O)C1=CC(CC[NH3+])=CC=C1,0.23,CC[NH3+],1,6,1.451
CH2CH3-p,CCC1=CC=C(C=C1)C(=O)O,-0.15,CC,2,6,2.538
CH2Cl-m,C1=CC(=CC(=C1)CCl)C(=O)O,0.11,CCl,1,6,2.1
CH2Cl-p,C1=CC(=CC=C1CCl)C(=O)O,0.12,CCl,2,6,2.1
CH2CN-m,O=C(O)C1=CC(CC#N)=CC=C1,0.16,CC#N,1,6,1.175
CH2CN-p,O=C(O)C1=CC=C(CC#N)C=C1,0.18,CC#N,2,6,1.175
CH2CO2- -m,O=C(O)C1=CC(CC([O-])=O)=CC=C1,0.07,CC([O-])=O,1,6,0.583
CH2CO2- -p,O=C(O)C1=CC=C(CC([O-])=O)C=C1,-0.16,CC([O-])=O,2,6,0.583
CH2F-m,C1=CC(=CC(=C1)CF)C(=O)O,0.12,CF,1,6,1.963
CH2F-p,C1=CC(=CC=C1CF)C(=O)O,0.11,CF,2,6,1.963
CH2I-m,C1=CC(=CC(=C1)CI)C(=O)O,0.1,CI,1,17,2.638
CH2I-p,C1=CC(=CC=C1CI)C(=O)O,0.11,CI,2,17,2.638
CH2NH2-m,O=C(O)C1=CC=CC(CN)=C1.N,-0.3,CN,1,6,0.759
CH2NH2-p,O=C(O)C1=CC=C(CN)C=C1,-0.11,CN,2,6,0.759
CH2NH3+ -m,O=C(O)C1=CC(C[NH3+])=CC=C1,0.59,C[NH3+],1,6,1.293
CH2NH3+ -p,O=C(O)C1=CC=C(C[NH3+])C=C1,0.53,C[NH3+],2,6,1.293
CH2OH-m,O=C(O)C1=CC=CC(CO)=C1,0,CO,1,6,0.826
CH2OH-p,O=C(O)C1=CC=C(CO)C=C1,0,CO,2,6,0.826
CH2SCF3-m,O=C(O)C1=CC(CSC(F)(F)F)=CC=C1,0.12,CSC(F)(F)F,1,6,3.373
CH2SCF3-p,O=C(O)C1=CC=C(CSC(F)(F)F)C=C1,0.15,CSC(F)(F)F,2,6,3.373
CH2SCN-m,O=C(O)C1=CC(CSC#N)=CC=C1,0.12,CSC#N,1,6,1.607
CH2SCN-m,O=C(O)C1=CC=C(CSC#N)C=C1,0.14,CSC#N,2,6,1.607
CH2SO2CF3-m,O=C(O)C1=CC(CS(OC(F)(F)F)=O)=CC=C1,0.29,CS(OC(F)(F)F)=O,1,6,1.118
CH2SO2CF3-p,O=C(O)C1=CC=C(CS(OC(F)(F)F)=O)C=C1,0.31,CS(OC(F)(F)F)=O,2,6,1.118
CH2SOCF3-m,O=C(O)C1=CC(CS(C(F)(F)F)=O)=CC=C1,0.25,CS(C(F)(F)F)=O,1,6,1.344
CH2SOCF3-p,O=C(O)C1=CC=C(CS(C(F)(F)F)=O)C=C1,0.24,CS(C(F)(F)F)=O,2,6,1.344
CH3CH2NH3+ -p,O=C(O)C1=CC=C(CC[NH3+])C=C1,0.17,CC[NH3+],2,6,1.451
CH3-m,CC1=CC=CC(=C1)C(=O)O,-0.07,C,1,6,2.074
CH3-p,CC1=CC=C(C=C1)C(=O)O,-0.17,C,2,6,2.074
CHBr2-m,C1=CC(=CC(=C1)C(Br)Br)C(=O)O,0.31,C(Br)Br,1,6,3.19
CHBr2-p,C1=CC(=CC=C1C(=O)O)C(Br)Br,0.32,C(Br)Br,2,6,3.19
CHCl2-m,C1=CC(=CC(=C1)C(Cl)Cl)C(=O)O,0.31,C(Cl)Cl,1,6,2.514
CHCl2-p,C1=CC(=CC(=C1)C(=O)O)C(Cl)Cl,0.32,C(Cl)Cl,2,6,2.514
CHI2-m,C1=CC(=CC(=C1)C(I)I)C(=O)O,0.26,C(I)I,1,6,3.59
CHI2-p,C1=CC(=CC(=C1)C(I)I)C(=O)O,0.26,C(I)I,2,6,3.59
CHO-m,C1=CC(=CC(=C1)C(=O)O)C=O,0.35,C=O,1,6,1.333
CHO-p,C1=CC(=CC=C1C=O)C(=O)O,0.42,C=O,2,6,1.333
Cl-m,C1=CC(=CC(=C1)Cl)C(=O)O,0.37,Cl,1,17,2.259
Cl-p,C1=CC(=CC=C1C(=O)O)Cl,0.23,Cl,2,17,2.259
CMe=CH2-m,O=C(O)C1=CC(C(C)=C)=CC=C1,0.09,C(C)=C,1,6,2.966
CMe=CH2-p,O=C(O)C1=CC=C(C(C)=C)C=C1,0.05,C(C)=C,2,6,2.966
CN-m,C1=CC(=CC(=C1)C(=O)O)C#N,0.56,C#N,1,6,1.36
CN-p,C1=CC(=CC=C1C#N)C(=O)O,0.66,C#N,2,6,1.36
COCF3-m,O=C(O)C1=CC=CC(C(C(F)(F)F)=O)=C1,0.63,C(C(F)(F)F)=O,1,6,2.213
COCF3-p,O=C(O)C1=CC=C(C(C(F)(F)F)=O)C=C1,0.8,C(C(F)(F)F)=O,2,6,2.213
COCH3-m,O=C(O)C1=CC=CC(C(C)=O)=C1,0.38,C(C)=O,1,6,1.514
COCH3-p,O=C(O)C1=CC=C(C(C)=O)C=C1,0.5,C(C)=O,2,6,1.514
COCl-m,O=C(O)C1=CC(C(Cl)=O)=CC=C1,0.51,C(Cl)=O,1,6,1.91
COCl-p,O=C(O)C1=CC=C(C(Cl)=O)C=C1,0.61,C(Cl)=O,2,6,1.91
COF-m,O=C(O)C1=CC(C(F)=O)=CC=C1,0.55,C(F)=O,1,6,1.449
COF-p,O=C(O)C1=CC=C(C(F)=O)C=C1,0.7,C(F)=O,2,6,1.449
CONH2-m,O=C(O)C1=CC=CC(C(N)=O)=C1,0.28,C(N)=O,1,6,0.524
CONH2-p,O=C(O)C1=CC=C(C(N)=O)C=C1,0.36,C(N)=O,2,6,0.524
CONHMe-m,O=C(O)C1=CC(C(NC)=O)=CC=C1,0.37,C(NC)=O,1,6,1.042
CONHMe-p,O=C(O)C1=CC=C(C(NC)=O)C=C1,0.3,C(NC)=O,2,6,1.042
COOH-m,C1=CC(=CC(=C1)C(=O)O)C(=O)O,0.37,C(=O)O,1,6,1.252
COOH-p,C1=CC(=CC=C1C(=O)O)C(=O)O,0.45,C(=O)O,2,6,1.252
COOMe-m,O=C(O)C1=CC(C(OC)=O)=CC=C1,0.37,C(OC)=O,1,6,1.573
COOMe-p,O=C(O)C1=CC=C(C(OC)=O)C=C1,0.45,C(OC)=O,2,6,1.573
CSNH2-m,O=C(O)C1=CC=CC(C(N)=S)=C1,0.25,C(N)=S,1,6,1.092
CSNH2-p,O=C(O)C1=CC=C(C(N)=S)C=C1,0.3,C(N)=S,2,6,1.092
CSNHMe-m,O=C(O)C1=CC(C(NC)=S)=CC=C1,0.3,C(NC)=S,1,6,1.555
CSNHMe-p,O=C(O)C1=CC=C(C(NC)=S)C=C1,0.34,C(NC)=S,2,6,1.555
cyclobutyl-m,C1CC(C1)C2=CC=CC(=C2)C(=O)O,-0.05,C1CC(C1),1,6,3.271
cyclobutyl-p,C1CC(C1)C2=CC=C(C=C2)C(=O)O,-0.14,C1CC(C1),2,6,3.271
cyclopropyl-m,C1CC1C2=CC=CC(=C2)C(=O)O,-0.07,C1C(C1),1,6,2.702
cyclopropyl-p,C1CC1C2=CC=C(C=C2)C(=O)O,-0.21,C1C(C1),2,6,2.702
F-m,C1=CC(=CC(=C1)F)C(=O)O,0.34,F,1,9,1.798
F-p,C1=CC(=CC=C1C(=O)O)F,0.06,F,2,9,1.798
GeBr3-m,O=C(O)C1=CC=CC([Ge](Br)(Br)Br)=C1,0.66,[Ge](Br)(Br)Br,1,32,4.557
GeBr3-p,O=C(O)C1=CC=C([Ge](Br)(Br)Br)C=C1,0.73,[Ge](Br)(Br)Br,2,32,4.557
GeCl3-m,O=C(O)C1=CC=CC([Ge](Cl)(Cl)Cl)=C1,0.71,[Ge](Cl)(Cl)Cl,1,32,3.543
GeCl3-p,O=C(O)C1=CC=C([Ge](Cl)(Cl)Cl)C=C1,0.79,[Ge](Cl)(Cl)Cl,2,32,3.543
GeF3-m,O=C(O)C1=CC=CC([Ge](F)(F)F)=C1,0.85,[Ge](F)(F)F,1,32,3.132
GeF3-p,O=C(O)C1=CC=C([Ge](F)(F)F)C=C1,0.97,[Ge](F)(F)F,2,32,3.132
GeH3 -m,O=C(O)C1=CC=CC([Ge])=C1,0,[Ge],1,32,1.596
GeH3 -p,O=C(O)C1=CC=C([Ge])C=C1,0.01,[Ge],2,32,1.596
H2CCH2-m,C=CC1=CC(=CC=C1)C(=O)O,0.06,C=C,1,6,2.574
H2CCH2-p,C=CC1=CC=C(C=C1)C(=O)O,-0.04,C=C,2,6,2.574
HCCH-m,C#CC1=CC(=CC=C1)C(=O)O,0.21,C#C,1,6,2.135
HCCH-p,C#CC1=CC=C(C=C1)C(=O)O,0.23,C#C,2,6,2.135
HgCF3-m,O=C(O)C1=CC=CC([Hg]C(F)(F)F)=C1,0.29,[Hg]C(F)(F)F,1,80,3.126
HgCF3-p,O=C(O)C1=CC=C([Hg]C(F)(F)F)C=C1,0.32,[Hg]C(F)(F)F,2,80,3.126
HgCH3-m,O=C(O)C1=CC=CC([Hg]C)=C1,0.43,[Hg]C,1,80,2.124
HgCH3-p,O=C(O)C1=CC=C([Hg]C)C=C1,0.1,[Hg]C,2,80,2.124
HgCl-m,O=C(O)C1=CC=CC([Hg]Cl)=C1,0.33,[Hg]Cl,1,80,2.108
HgCl-p,O=C(O)C1=CC=C([Hg]Cl)C=C1,0.35,[Hg]Cl,2,80,2.108
HgCN-m,O=C(O)C1=CC([Hg]C#N)=CC=C1,0.28,[Hg]C#N,1,80,1.36
HGCN-p,O=C(O)C1=CC=C([Hg]C#N)C=C1,0.34,[Hg]C#N,2,80,1.36
HgF-m,O=C(O)C1=CC=CC([Hg]F)=C1,0.34,[Hg]F,1,80,1.971
HgF-p,O=C(O)C1=CC=C([Hg]F)C=C1,0.33,[Hg]F,2,80,1.971
HgSCF3-m,O=C(O)C1=CC=CC([Hg](C(F)(F)F)=S)=C1,0.39,[Hg](C(F)(F)F)=S,1,80,2.414
HgSCF3-p,O=C(O)C1=CC=C([Hg](C(F)(F)F)=S)C=C1,0.42,[Hg](C(F)(F)F)=S,2,80,2.414
H-m,O=C(O)C1=CC=CC([H])=C1,0,[H],1,1,1.637
H-p,O=C(O)C1=CC=C([H])C=C1,0,[H],2,1,1.637
ICl2-m,O=C(O)C1=CC(I(Cl)Cl)=CC=C1,1.1,I(Cl)Cl,1,53,3.866
ICl2-p,O=C(O)C1=CC=C(I(Cl)Cl)C=C1,1.11,I(Cl)Cl,2,53,3.866
IF2-m,O=C(O)C1=CC(I(F)F)=CC=C1,0.85,I(F)F,1,53,3.592
IF2-p,O=C(O)C1=CC=C(I(F)F)C=C1,0.83,I(F)F,2,53,3.592
IF4-m,O=C(O)C1=CC(I(F)(F)(F)F)=CC=C1,1.07,I(F)(F)(F)F,1,53,5.027
IF4-p,O=C(O)C1=CC=C(I(F)(F)(F)F)C=C1,1.15,I(F)(F)(F)F,2,53,5.027
I-m,C1=CC(=CC(=C1)I)C(=O)O,0.35,I,1,53,2.705
IO2-m,O=C(O)C1=CC=CC(I(=O)=O)=C1,0.68,I(=O)=O,1,53,1.907
IO2-p,O=C(O)C1=CC=C(I(=O)=O)C=C1,0.78,I(=O)=O,2,53,1.907
IO-m,O=C(O)C1=CC(I=O)=CC=C1,0.58,I=O,1,53,2.306
IO-p,O=C(O)C1=CC=C(I=O)C=C1,0.62,I=O,2,53,2.306
I-p,C1=CC(=CC=C1C(=O)O)I,0.18,I,2,53,2.705
isobutyl-p,CC(C)CC1=CC=C(C=C1)C(=O)O,-0.16,CC(C)C,2,6,3.615
isopropyl-m,CC(C)C1=CC=CC(=C1)C(=O)O,-0.04,CCC,1,6,3.042
isopropyl-p,CC(C)C1=CC=C(C=C1)C(=O)O,-0.15,CCC,2,6,3.042
N(COF)2-m,O=C(O)C1=CC=CC(N(C(F)=O)C(F)=O)=C1,0.58,N(C(F)=O)C(F)=O,1,7,1.353
N(COF)2-p,O=C(O)C1=CC=C(N(C(F)=O)C(F)=O)C=C1,0.57,N(C(F)=O)C(F)=O,2,7,1.353
N(Me)2-m,O=C(O)C1=CC(N(C)C)=CC=C1,-0.16,N(C)C,1,7,1.846
N(Me)2-p,O=C(O)C1=CC=C(N(C)C)C=C1,-0.83,N(C)C,2,7,1.846
N(Me)NO2-m,O=C(O)C1=CC(N([N+]([O-])=O)C)=CC=C1,0.49,N([N+]([O-])=O)C,1,7,1.258
N(Me)NO2-p,O=C(O)C1=CC=C(N([N+]([O-])=O)C)C=C1,0.61,N([N+]([O-])=O)C,2,7,1.258
N=CCl2 -m,O=C(O)C1=CC=CC(/N=C(Cl)/Cl)=C1,0.21,/N=C(Cl)/Cl,1,7,2.387
N=CCl2 -p,O=C(O)C1=CC=C(/N=C(Cl)/Cl)C=C1,0.13,/N=C(Cl)/Cl,2,7,2.387
N=NCF3  -m,O=C(O)C1=CC=C(/N=N\C(F)(F)F)C=C1,0.56,/N=N\C(F)(F)F,1,7,3.034
N=NCF3  -p,O=C(O)C1=CC=CC(/N=N\C(F)(F)F)=C1,0.68,/N=N\C(F)(F)F,2,7,3.034
N=NCN -m,O=C(O)C1=CC=CC(/N=N\C#N)=C1,0.71,/N=N\C#N,1,7,1.985
N=NCN -p,O=C(O)C1=CC=C(/N=N\C#N)C=C1,1.03,/N=N\C#N,2,7,1.985
N3-m,C1=CC(=CC(=C1)N=[N+]=[N-])C(=O)O,0.37,N=[N+]=[N-],1,7,1.685
N3-p,C1=CC(=CC=C1C(=O)O)N=[N+]=[N-],0.08,N=[N+]=[N-],2,7,1.685
NC-m,O=C(O)C1=CC=CC([N+]#[C-])=C1,0.48,[N+]#[C-],1,7,1.149
NCO-m,C1=CC(=CC(=C1)N=C=O)C(=O)O,0.27,N=C=O,1,7,2.901
NCO-p,C1=CC(=CC=C1C(=O)O)N=C=O,0.19,N=C=O,2,7,2.901
NC-p,O=C(O)C1=CC=C([N+]#[C-])C=C1,0.49,[N+]#[C-],2,7,1.149
NCS-m,C1=CC(=CC(=C1)N=C=S)C(=O)O,0.48,N=C=S,1,7,3.074
NCS-p,C1=CC(=CC=C1C(=O)O)N=C=S,0.38,N=C=S,2,7,3.074
NH(ring C=NN=NS)-m,O=C(O)C1=CC=C(NC2=NN=NS2)C=C1,0.19,NC1=NN=NS1,1,7,1.791
NH(ring C=NN=NS)-p,O=C(O)C1=CC(NC2=NN=NS2)=CC=C1,0.3,NC1=NN=NS1,2,7,1.791
NH2-m,C1=CC(=CC(=C1)N)C(=O)O,-0.16,N,1,7,0.82
NH2-p,C1=CC(=CC=C1C(=O)O)N,-0.66,N,2,7,0.82
NH3+ -m,O=C(O)C1=CC=CC([NH3+])=C1,0.86,[NH3+],1,7,1.149
NH3+ -p,O=C(O)C1=CC=C([NH3+])C=C1,0.6,[NH3+],2,7,1.149
NHCH2SO3-m,O=C(OC)C1=CC=CC(NCS(=O)([O-])=O)=C1,-0.1,NCS(=O)([O-])=O,1,7,0.134
NHCH2SO3-p,O=C(OC)C1=CC=C(NCS(=O)([O-])=O)C=C1,-0.57,NCS(=O)([O-])=O,2,7,0.134
NHCH3-m,CNC1=CC=CC(=C1)C(=O)O,-0.21,CN,1,6,1.283
NHCH3-p,CNC1=CC=C(C=C1)C(=O)O,-0.7,CN,2,6,1.283
NHCHO-m,C(=O)NC1=CC=CC(=C1)C(=O)O,0.19,NC=O,1,7,0.891
NHCHO-p,C(=O)NC1=CC=C(C=C1)C(=O)O,0,NC=O,2,7,0.891
NHCN-m,O=C(O)C1=CC=CC(NC#N)=C1,0.21,NC#N,1,7,1.079
NHCN-p,O=C(O)C1=CC=C(NC#N)C=C1,0.06,NC#N,2,7,1.079
NHCOCF3-m,O=C(O)C1=CC(NC(CF(F)(F))=O)=CC=C1,0.3,NC(C(F)(F)F)=O,1,7,1.878
NHCOCF3-p,O=C(O)C1=CC=C(NC(C(F)(F)F)=O)C=C1,0.12,NC(C(F)(F)F)=O,2,7,1.59
NHCOCH2Cl-m,O=C(O)C1=CC(NC(CCl)=O)=CC=C1,0.17,NC(CCl)=O,1,7,1.128
NHCOCH2Cl-p,O=C(O)C1=CC=C(NC(CCl)=O)C=C1,-0.03,NC(CCl)=O,2,7,1.128
NHCOCH3-m,O=C(O)C1=CC(NC(C)=O)=CC=C1,0.21,NC(C)=O,1,7,0.891
NHCOCH3-p,O=C(O)C1=CC=C(NC(C)=O)C=C1,0,NC(C)=O,2,7,0.891
NHCONH2 -m,O=C(O)C1=CC(NC(N)=O)=CC=C1,-0.03,NC(N)=O,1,7,0.013
NHCONH2-p,O=C(O)C1=CC=C(NC(N)=O)C=C1,-0.24,NC(N)=O,2,7,0.013
NHCOOMe-m,O=C(O)C1=CC=CC(NC(OC)=O)=C1,-0.02,NC(OC)=O,1,7,1.062
NHCOOMe-p,O=C(O)C1=CC=C(NC(OC)=O)C=C1,-0.17,NC(OC)=O,2,7,1.062
NHCSCH3-m,O=C(O)C1=CC(NC(C)=S)=CC=C1,0.24,NC(C)=S,1,7,1.404
NHCSCH3-p,O=C(O)C1=CC=C(NC(C)=S)C=C1,0.12,NC(C)=S,2,7,1.404
NHCSNH2 -m,O=C(O)C1=CC(NC(N)=S)=CC=C1,0.22,NC(N)=S,1,7,0.843
NHCSNH2-p,O=C(O)C1=CC=C(NC(N)=S)C=C1,0.16,NC(N)=S,2,7,0.843
NHEt-m,O=C(O)C1=CC(NCC)=CC=C1,-0.24,NCC,1,7,1.706
NHEt-p,O=C(O)C1=CC=C(NCC)C=C1,-0.61,NCC,2,7,1.706
NHNO2-m,O=C(O)C1=CC=CC(N[N+]([O-])=O)=C1,0.91,N[N+]([O-])=O,1,7,1.853
NHNO2-p,O=C(O)C1=CC=C(N[N+]([O-])=O)C=C1,0.57,N[N+]([O-])=O,2,7,1.853
NHOH-m,O=C(O)C1=CC=CC(NO)=C1,-0.02,NO,1,7,0.951
NHOH-p,O=C(O)C1=CC=C(NO)C=C1,-0.55,NO,2,7,0.951
NHSO2CF3-m,O=C(O)C1=CC(NS(OC(F)(F)F)=O)=CC=C1,0.44,NS(OC(F)(F)F)=O,1,7,0.845
NHSO2CF3-p,O=C(O)C1=CC=C(NS(OC(F)(F)F)=O)C=C1,0.39,NS(OC(F)(F)F)=O,2,7,0.845
NHSO2CH3-m,O=C(O)C1=CC(NS(OC)=O)=CC=C1,0.2,NS(OC)=O,1,7,-0.407
NHSO2CH3-p,O=C(O)C1=CC=C(NS(OC)=O)C=C1,0.03,NS(OC)=O,2,7,-0.407
N---N+-m,C1=CC(=CC(=C1)C(=O)O)CN#[N+],1.76,N#[N+],1,7,1.105
N---N+-p,C1=CC(=CC=C1N#[N+])C(=O)O,1.91,N#[N+],2,7,1.473
NO2-m,C1=CC(=CC(=C1)[N+](=O)[O-])C(=O)O,0.71,[N+](=O)c,1,7,1.529
NO2-p,C1=CC(=CC=C1C(=O)O)[N+](=O)[O-],0.78,[N+](=O)[O-],2,7,1.529
NO-m,O=C(O)C1=CC(N=O)=CC=C1,0.62,N=O,1,7,1.177
NO-p,O=C(O)C1=CC=C(N=O)C=C1,0.91,N=O,2,7,1.177
O -m,C1=CC(=CC(=C1)O)C(=O)O,-0.47,[O-],1,8,1.231
OC2H5-m,CCOC1=CC=CC(=C1)C(=O)O,0.1,CCO,1,6,1.975
OC2H5-p,CCOC1=CC=C(C=C1)C(=O)O,-0.24,CCO,2,6,1.975
OCCl3-m,C1=CC(=CC(=C1)OC(Cl)(Cl)Cl)C(=O)O,0.43,OC(Cl)(Cl)Cl,1,8,3.215
OCCl3-p,C1=CC(=CC=C1C(=O)O)OC(Cl)(Cl)Cl,0.35,OC(Cl)(Cl)Cl,2,8,3.215
OCF2CF3-m,O=C(O)C1=CC=CC(OC(F)(F)C(F)(F)F)=C1,0.56,OC(F)(F)C(F)(F)F,1,8,3.685
OCF2CF3-p,O=C(O)C1=CC=C(OC(F)(F)C(F)(F)F)C=C1,0.46,OC(F)(F)C(F)(F)F,2,8,3.685
OCF2CHF2-m,O=C(O)C1=CC=CC(OC(F)(F)C(F)F)=C1,0.34,OC(F)(F)C(F)F,1,8,3.169
OCF2CHF2-p,O=C(O)C1=CC=C(OC(F)(F)C(F)F)C=C1,0.25,OC(F)(F)C(F)F,2,8,3.169
OCF2O-m,O=C(O)C1=CC=CC(OC(F)([O-])F)=C1,0.36,OC(F)([O-])F,1,8,1.688
OCF2O-p,O=C(O)C1=CC=C(OC(F)([O-])F)C=C1,0.36,OC(F)([O-])F,2,8,1.688
OCF3-m,C1=CC(=CC(=C1)OC(F)(F)F)C(=O)O,0.38,OC(F)(F)F,1,8,2.804
OCF3-p,C1=CC(=CC=C1C(=O)O)OC(F)(F)F,0.35,OC(F)(F)F,2,8,2.804
OCh=CH2-m,O=C(O)C1=CC(OC=C)=CC=C1,0.21,OC=C,1,8,2.005
OCh=CH2-p,O=C(O)C1=CC=C(OC=C)C=C1,-0.09,OC=C,2,8,2.005
OCH2CH=CH2-m,O=C(O)C1=CC=CC(OCC=C)=C1,0.09,OCC=C,1,8,2.167
OCH2CH=CH2-p,O=C(O)C1=CC=C(OCC=C)C=C1,-0.25,OCC=C,2,8,2.167
OCH2CH2CH3-m,CCCOC1=CC=CC(=C1)C(=O)O,0.1,CCCO,1,6,2.333
OCH2CH2CH3-p,CCCOC1=CC=C(C=C1)C(=O)O,-0.25,CCCO,2,6,2.333
OCH2Cl-m,C1=CC(=CC(=C1)OCCl)C(=O)O,0.25,OCCl,1,8,1.959
OCH2Cl-p,C1=CC(=CC=C1C(=O)O)OCCl,0.08,OCCl,2,8,1.959
OCH2F-m,C1=CC(=CC(=C1)OCF)C(=O)O,0.2,OCF,1,8,1.822
OCH2F-p,C1=CC(=CC=C1C(=O)O)OCF,0.02,OCF,2,8,1.822
OCH2O- -m,O=C(O)C1=CC=CC(OC[O-])=C1,-0.16,OC[O-],1,8,0.98
OCH2O- -p,O=C(O)C1=CC=C(OC[O-])C=C1,-0.16,OC[O-],2,8,0.98
OCH3-m,COC1=CC=CC(=C1)C(=O)O,0.12,OC,1,8,1.552
OCH3-p,COC1=CC=C(C=C1)C(=O)O,-0.27,OC,2,8,1.552
OCHCl2-m,C1=CC(=CC(=C1)OC(Cl)Cl)C(=O)O,0.38,OC(Cl)Cl,1,8,2.54
OCHCl2-p,C1=CC(=CC=C1C(=O)O)OC(Cl)Cl,0.26,OC(Cl)Cl,2,8,2.54
OCHF2-m,C1=CC(=CC(=C1)OC(F)F)C(=O)O,0.31,OC(F)F,1,8,2.266
OCHF2-p,C1=CC(=CC=C1C(=O)O)OC(F)F,0.18,OC(F)F,2,8,2.266
OCOCF3-m,O=C(O)C1=CC(OC(C(F)(F)F)=O)=CC=C1,0.56,OC(C(F)(F)F)=O,1,8,2.121
OCOCF3-p,O=C(O)C1=CC=C(OC(C(F)(F)F)=O)C=C1,0.46,OC(C(F)(F)F)=O,2,8,2.121
OCOCH3-m,O=C(O)C1=CC=CC(OC(C)=O)=C1,0.39,OC(C)=O,1,8,1.422
OCOCH3-p,O=C(O)C1=CC=C(OC(C)=O)C=C1,0.31,OC(C)=O,2,8,1.422
OH-m,C1=CC(=CC(=C1)O)C(=O)O,0.12,O,1,8,1.231
OH-p,C1=CC(=CC=C1C(=O)O)O,-0.37,O,2,8,1.231
ONO2-m,O=C(O)C1=CC=CC(O[N+]([O-])=O)=C1,0.55,O[N+]([O-])=O,1,8,1.634
ONO2-p,O=C(O)C1=CC=C(O[N+]([O-])=O)C=C1,0.7,O[N+]([O-])=O,2,8,1.634
O-p,C1=CC(=CC=C1C(=O)O)O,-0.81,[O-],2,8,1.231
OPO3H- -m,O=C(O)C1=CC=CC(OP(O)([O-])=O)=C1,0.2,OP(O)([O-])=O,1,8,-0.196
OPO3H- -m,O=C(O)C1=CC=CC(OP([O-])(O)=O)=C1,0.29,OP([O-])(O)=O,1,8,-0.196
OPO3H- -p,O=C(O)C1=CC=C(OP([O-])(O)=O)C=C1,0,OP([O-])(O)=O,2,8,-0.196
OPO3H- -p,O=C(O)C1=CC=C(OP(O)([O-])=O)C=C1,0.26,OP(O)([O-])=O,2,8,-0.196
OS(=O)CH3 -m,O=C(O)C1=CC=CC(OS(C)=O)=C1,0.44,OS(C)=O,1,8,0.338
OS(=O)CH3 -p,O=C(O)C1=CC=C(OS(C)=O)C=C1,0.45,OS(C)=O,2,8,0.338
OSO2CF3-m,O=C(O)C1=CC(OS(C(F)(F)F)(=O)=O)=CC=C1,0.56,OS(C(F)(F)F)(=O)=O,1,8,1.314
OSO2CF3-p,O=C(O)C1=CC=C(OS(C(F)(F)F)(=O)=O)C=C1,0.53,OS(C(F)(F)F)(=O)=O,2,8,1.314
OSO2Me -m,O=C(O)C1=CC=CC(OS(OC)=O)=C1,0.39,OS(OC)=O,1,8,-0.138
OSO2Me -p,O=C(O)C1=CC=C(OS(OC)=O)C=C1,0.36,OS(OC)=O,2,8,-0.138
P(Me)2-m,O=C(O)C1=CC(P(C)C)=CC=C1,0.03,P(C)C,1,15,2.652
P(Me)2-p,O=C(O)C1=CC=C(P(C)C)C=C1,0.06,P(C)C,2,15,2.652
P(O)Cl2-m,O=C(O)C1=CC(P(Cl)(Cl)=O)=CC=C1,0.78,P(Cl)(Cl)=O,1,15,1.911
P(O)Cl2-p,O=C(O)C1=CC=C(P(Cl)(Cl)=O)C=C1,0.9,P(Cl)(Cl)=O,2,15,1.911
P(S)Cl2-m,O=C(O)C1=CC=C(P(Cl)(Cl)=S)C=C1,0.8,P(Cl)(Cl)=S,2,15,3.862
P(S)Cl2-p,O=C(O)C1=CC(P(Cl)(Cl)=S)=CC=C1,0.7,P(Cl)(Cl)=S,1,15,3.862
PCl2-m,O=C(O)C1=CC(P(Cl)Cl)=CC=C1,0.54,P(Cl)Cl,1,15,2.757
PCl2-p,O=C(O)C1=CC=C(P(Cl)Cl)C=C1,0.61,P(Cl)Cl,2,15,2.757
PF2-m,O=C(O)C1=CC(P(F)F)=CC=C1,0.49,P(F)F,1,15,2.483
PF2-p,O=C(O)C1=CC=C(P(F)F)C=C1,0.59,P(F)F,2,15,2.483
PF4-m,O=C(O)C1=CC(P(F)(F)(F)F)=CC=C1,0.63,P(F)(F)(F)F,1,15,3.918
PF4-p,O=C(O)C1=CC=C(P(F)(F)(F)F)C=C1,0.8,P(F)(F)(F)F,2,15,3.918
PH2-m,C1=CC(=CC(=C1)P)C(=O)O,0.06,P,1,15,1.596
PH2-p,C1=CC(=CC=C1C(=O)O)P,0.05,P,2,15,1.596
PO(OH)2-m,O=C(O)C1=CC=CC(P(O)(O)=O)=C1,0.36,P(O)(O)=O,1,15,-0.184
PO(OH)2-p,O=C(O)C1=CC=C(P(O)(O)=O)C=C1,0.42,P(O)(O)=O,2,15,-0.184
PO3H-    -m,C1=CC(=CC(=C1)P(=O)(O)O)C(=O)O,0.2,P(=O)(O)O,1,15,-0.184
PO3H -   -p,C1=CC(=CC=C1C(=O)O)P(=O)(O)O,0.26,P(=O)(O)O,2,15,-0.184
S-   -m,C1=CC(=CC(=C1)S)C(=O)O,-0.36,[S-],1,16,2.015
S-  -p,C1=CC(=CC=C1C(=O)O)S,-1.21,[S-],2,16,2.015
S(0)Ome-m,O=C(O)C1=CC=CC(S(OC)=O)=C1,0.5,S(OC)=O,1,16,-0.126
S(0)Ome-p,O=C(O)C1=CC=C(S(OC)=O)C=C1,0.54,S(OC)=O,2,16,-0.126
S(O)OH -m,O=C(O)C1=CC=CC(S(O)=O)=C1,-0.04,S(O)=O,1,16,-0.645
S(O)OH -p,O=C(O)C1=CC=C(S(O)=O)C=C1,-0.07,S(O)=O,2,16,-0.645
S(OCH3)-m,O=C(O)C1=CC=CC(SOC)=C1,0.21,SOC,1,16,1.903
S(OCH3)-p,O=C(O)C1=CC=C(SOC)C=C1,0.17,SOC,2,16,1.903
S+(Me)2-m,O=C(O)C1=CC([S+](C)C)=CC=C1,1,[S+](C)C,1,16,2.652
S+(Me)2-p,O=C(O)C1=CC=C([S+](C)C)C=C1,0.9,[S+](C)C,2,16,2.652
SC2H5-m,CCSC1=CC=CC(=C1)C(=O)O,0.18,CCS,1,6,2.737
SC2H5-p,CCSC1=CC=C(C=C1)C(=O)O,0.03,CCS,2,6,2.737
SC---CH -m,O=C(O)C1=CC(SC#C)=CC=C1,0.26,SC#C,1,16,2.39
SC---CH -p,O=C(O)C1=CC=C(SC#C)C=C1,0.19,SC#C,2,16,2.39
SCF(CF3)2-m,O=C(O)C1=CC(SC(C(F)(F)F)(C(F)(F)F)F)=CC=C1,0.48,SC(C(F)(F)F)(C(F)(F)F)F,1,16,5.28
SCF(CF3)2-p,O=C(O)C1=CC=C(SC(C(F)(F)F)(C(F)(F)F)F)C=C1,0.51,SC(C(F)(F)F)(C(F)(F)F)F,2,16,5.28
SCF2CF2CF3-m,O=C(O)C1=CC(SC(F)(F)C(F)(F)C(F)(F)F)=CC=C1,0.45,SC(F)(F)C(F)(F)C(F)(F)F,1,16,5.143
SCF2CF2CF3-p,O=C(O)C1=CC=C(SC(F)(F)C(F)(F)C(F)(F)F)C=C1,0.48,SC(F)(F)C(F)(F)C(F)(F)F,2,16,5.143
SCF2CF3-m,O=C(O)C1=CC=CC(SC(F)(F)C(F)(F)F)=C1,0.38,SC(F)(F)C(F)(F)F,1,16,4.262
SCF2CF3-p,O=C(O)C1=CC=C(SC(F)(F)C(F)(F)F)C=C1,0.47,SC(F)(F)C(F)(F)F,2,16,4.262
SCF2CHF2-m,O=C(O)C1=CC=CC(SC(F)(F)C(F)F)=C1,0.38,SC(F)(F)C(F)F,1,16,3.746
SCF2CHF2-p,O=C(O)C1=CC=C(SC(F)(F)C(F)F)C=C1,0.47,SC(F)(F)C(F)F,2,16,3.746
SCF3-m,O=C(O)C1=CC(SC(F)(F)F)=CC=C1,0.4,SC(F)(F)F,1,16,3.381
SCF3-p,O=C(O)C1=CC=C(SC(F)(F)F)C=C1,0.5,SC(F)(F)F,2,16,3.381
SCh=CH2-m,O=C(O)C1=CC(SC=C)=CC=C1,0.26,SC=C,1,16,2.737
SCh=CH2-m,O=C(O)C1=CC(SC=C)=CC=C1,0.26,SC=C,1,16,2.737
SCh=CH2-p,O=C(O)C1=CC=C(SC=C)C=C1,0.2,SC=C,2,16,2.737
SCh=CH2-p,O=C(O)C1=CC=C(SC=C)C=C1,0.2,SC=C,2,16,2.737
SCH=CHCl-m,O=C(O)C1=CC(S/C=C/Cl)=CC=C1,0.31,S/C=C/Cl,1,16,3.446
SCH=CHCl-p,O=C(O)C1=CC=C(S/C=C/Cl)C=C1,0.24,S/C=C/Cl,2,16,3.446
SCH2CH=CH2-m,O=C(O)C1=CC=CC(SCC=C)=C1,0.19,SCC=C,1,16,2.729
SCH2CH=CH2-p,O=C(O)C1=CC=C(SCC=C)C=C1,0.12,SCC=C,2,16,2.729
SCH2F-m,C1=CC(=CC(=C1)SCF)C(=O)O,0.23,SCF,1,16,2.584
SCH2F-p,C1=CC(=CC=C1C(=O)O)SCF,0.2,SCF,2,16,2.584
SCH3-m,CSC1=CC=CC(=C1)C(=O)O,0.15,SC,1,16,2.379
SCH3-p,CSC1=CC=C(C=C1)C(=O)O,0,SC,2,16,2.379
SCHF2-m,C1=CC(=CC(=C1)SC(F)F)C(=O)O,0.33,SC(F)F,1,16,2.865
SCHF2-p,C1=CC(=CC=C1C(=O)O)SC(F)F,0.37,SC(F)F,2,16,2.865
SCl-m,O=C(O)C1=CC=CC(SCl)=C1,0.44,SCl,1,16,2.363
Scl-p,O=C(O)C1=CC=C(SCl)C=C1,0.48,SCl,2,16,2.363
SCN-m,C1=CC(=CC(=C1)SC#N)C(=O)O,0.51,SC#N,1,16,1.615
SCN-p,C1=CC(=CC=C1C(=O)O)SC#N,0.52,SC#N,2,16,1.615
SCOCF3-m,O=C(O)C1=CC(SC(C(F)(F)F)=O)=CC=C1,0.48,SC(C(F)(F)F)=O,1,16,2.468
SCOCF3-p,O=C(O)C1=CC=C(SC(C(F)(F)F)=O)C=C1,0.46,SC(C(F)(F)F)=O,2,16,2.468
SCOCH3-m,O=C(O)C1=CC=CC(SC(C)=O)=C1,0.39,SC(C)=O,1,16,1.769
SCOCH3-p,O=C(O)C1=CC=C(SC(C)=O)C=C1,0.44,SC(C)=O,2,16,1.769
SeCF3-m,O=C(O)C1=CC([Se]C(F)(F)F)=CC=C1,0.44,[Se]C(F)(F)F,1,34,3.126
SeCF3-p,O=C(O)C1=CC=C([Se]C(F)(F)F)C=C1,0.45,[Se]C(F)(F)F,2,34,3.126
SeCh=CH2-m,O=C(O)C1=CC([Se]C=C)=CC=C1,0.26,[Se]C=C,1,34,2.482
SeCh=CH2-p,O=C(O)C1=CC=C([Se]C=C)C=C1,0.21,[Se]C=C,2,34,2.482
SeCH=CHCl-p,O=C(O)C1=CC=C([Se]/C=C/Cl)C=C1,0.26,[Se]/C=C/Cl,2,34,3.191
SeCN,C1=CC(=CC(=C1)[Se]C#N)C(=O)O,0.61,[Se]C#N,1,34,1.36
SeCN,C1=CC(=CC=C1C(=O)O)[Se]C#N,0.66,[Se]C#N,2,34,1.36
SeMe -m,C[Se]C1=CC=CC(=C1)C(=O)O,0.1,[Se]C,1,34,2.124
SeMe -p,C[Se]C1=CC=C(C=C1)C(=O)O,0,[Se]C,2,34,2.124
SeO2CF3-m,O=C(O)C1=CC([Se](C(F)(F)F)(=O)=O)=CC=C1,1.08,[Se](C(F)(F)F)(=O)=O,1,34,2.017
SeO2CF3-p,O=C(O)C1=CC=C([Se](C(F)(F)F)(=O)=O)C=C1,1.21,[Se](C(F)(F)F)(=O)=O,2,34,2.017
SeOCF3-m,O=C(O)C1=CC([Se]OC(F)(F)F)=CC=C1,0.81,[Se]OC(F)(F)F,1,34,2.9
SeOCF3-p,O=C(O)C1=CC=C([Se]OC(F)(F)F)C=C1,0.83,[Se]OC(F)(F)F,2,34,2.9
SF3-m,O=C(O)C1=CC(S(F)(F)F)=CC=C1,0.7,S(F)(F)F,1,16,3.132
SF3-p,O=C(O)C1=CC=C(S(F)(F)F)C=C1,0.8,S(F)(F)F,2,16,3.132
SF5-m,O=C(O)C1=CC=CC(S(F)(F)(F)(F)F)=C1,0.61,S(F)(F)(F)(F)F,1,16,3.471
SF5-p,O=C(O)C1=CC=C(S(F)(F)(F)(F)F)C=C1,0.68,S(F)(F)(F)(F)F,2,16,3.471
SH-   -p,C1=CC(=CC=C1C(=O)O)S,0.15,S,2,16,2.015
SH- -m,C1=CC(=CC(=C1)S)C(=O)O,0.25,S,1,16,2.015
SiBr3-m,O=C(O)C1=CC=CC([Si](Br)(Br)Br)C=C1,0.48,[Si](Br)(Br)Br,1,14,3.471
SiBr3-p,O=C(O)C1=CC=C([Si](Br)(Br)Br)C=C1,0.57,[Si](Br)(Br)Br,2,14,4.557
SiCl3-m,O=C(O)C1=CC=CC([Si](Cl)(Cl)Cl)=C1,0.48,[Si](Cl)(Cl)Cl,1,14,3.543
SiCl3-p,O=C(O)C1=CC=C([Si](Cl)(Cl)Cl)C=C1,0.56,[Si](Cl)(Cl)Cl,2,14,3.543
SiF3-m,O=C(O)C1=CC=CC([Si](F)(F)F)=C1,0.54,[Si](F)(F)F,1,14,3.132
SiF3-p,O=C(O)C1=CC=C([Si](F)(F)F)C=C1,0.69,[Si](F)(F)F,2,14,3.132
SiH(Me)2-m,O=C(O)C1=CC([SiH](C)C)=CC=C1,0.01,[SiH](C)C,1,14,2.652
SiH(Me)2-p,O=C(O)C1=CC=C([SiH](C)C)C=C1,0.04,[SiH](C)C,2,14,2.652
SiH3-m,O=C(O)C1=CC([SiH3])=CC=C1,0.05,[SiH3],1,14,1.596
SiH3-p,O=C(O)C1=CC=C([SiH3])C=C1,0.1,[SiH3],2,14,1.596
SN(Me)2-m,O=C(O)C1=CC(SN(C)C)=CC=C1,0.12,SN(C)C,1,16,1.946
SN(Me)2-p,O=C(O)C1=CC=C(SN(C)C)C=C1,0.09,SN(C)C,2,16,1.946
SO2- -m,O=C(O)C1=CC=CC(S([O-])=O)=C1,-0.02,S([O-])=O,1,16,-0.645
SO2- -p,O=C(O)C1=CC=C(S([O-])=O)C=C1,-0.05,S([O-])=O,2,16,-0.645
SO2CF(CF3)2-m,O=C(O)C1=CC(S(OC(C(F)(F)F)(C(F)(F)F)F)=O)=CC=C1,0.922,S(OC(C(F)(F)F)(C(F)(F)F)F)=O,1,16,3.025
SO2CF(CF3)2-p,O=C(O)C1=CC=C(S(OC(C(F)(F)F)(C(F)(F)F)F)=O)C=C1,1.1,S(OC(C(F)(F)F)(C(F)(F)F)F)=O,2,16,3.025
SO2CF2CF2CF3-m,O=C(O)C1=CC(S(OC(F)(F)C(F)(F)C(F)(F)F)=O)=CC=C1,0.92,S(OC(F)(F)C(F)(F)C(F)(F)F)=O,1,16,2.888
SO2CF2CF2CF3-p,O=C(O)C1=CC=C(S(OC(F)(F)C(F)(F)C(F)(F)F)=O)C=C1,1.09,S(OC(F)(F)C(F)(F)C(F)(F)F)=O,2,16,2.888
SO2CF2CF3-m,O=C(O)C1=CC(S(OC(F)(F)C(F)(F)F)=O)=CC=C1,0.92,S(OC(F)(F)C(F)(F)F)=O,1,16,2.007
SO2CF2CF3-p,O=C(O)C1=CC=C(S(OC(F)(F)C(F)(F)F)=O)C=C1,1.08,S(OC(F)(F)C(F)(F)F)=O,2,16,2.007
SO2CF3-m,O=C(O)C1=CC(S(C(F)(F)F)(=O)=O)=CC=C1,0.83,S(C(F)(F)F)(=O)=O,1,16,2.16
SO2CF3-p,O=C(O)C1=CC=C(S(C(F)(F)F)(=O)=O)C=C1,0.96,S(C(F)(F)F)(=O)=O,2,16,2.16
SO2CHF2-m,O=C(O)C1=CC(S(C(F)F)(=O)=O)=CC=C1,0.75,S(C(F)F)(=O)=O,1,16,1.644
SO2CHF2-p,O=C(O)C1=CC=C(S(C(F)F)(=O)=O)C=C1,0.86,S(C(F)F)(=O)=O,2,16,1.644
SO2Cl-m,O=C(O)C1=CC=CC(S(OCl)=O)=C1,1.2,S(OCl)=O,1,16,0.418
SO2Cl-p,O=C(O)C1=CC=C(S(OCl)=O)C=C1,1.11,S(OCl)=O,2,16,0.418
SO2Et-m,O=C(O)C1=CC=CC(S(OCC)=O)=C1,0.66,S(OCC)=O,1,16,0.297
SO2Et-p,O=C(O)C1=CC=C(S(OCC)=O)C=C1,0.77,S(OCC)=O,2,16,0.297
SO2F-m,O=C(O)C1=CC=CC(S(OF)=O)=C1,0.8,S(OF)=O,1,16,0.281
SO2F-p,O=C(O)C1=CC=C(S(OF)=O)C=C1,0.91,S(OF)=O,2,16,0.281
SO3- -m,O=C(O)C1=CC=CC(S(=O)([O-])=O)=C1,0.3,S(=O)([O-])=O,1,16,0.231
SO3- -p,O=C(O)C1=CC=C(S(=O)([O-])=O)C=C1,0.35,S(=O)([O-])=O,2,16,0.231
SOCF3-m,O=C(O)C1=CC(SOC(F)(F)F)=CC=C1,0.63,SOC(F)(F)F,1,16,3.155
SOCF3-p,O=C(O)C1=CC=C(SOC(F)(F)F)C=C1,0.69,SOC(F)(F)F,2,16,3.155
SOCH3-m,O=C(O)C1=CC=CC(S(C)=O)=C1,0.52,S(C)O,1,16,0.35
SOCH3-p,O=C(O)C1=CC=C(S(C)=O)C=C1,0.49,S(C)O,2,16,0.35
SOCHF2-m,O=C(O)C1=CC(SOC(F)F)=CC=C1,0.54,SOC(F)F,1,16,2.617
SOCHF2-p,O=C(O)C1=CC=C(SOC(F)F)C=C1,0.58,SOC(F)F,2,16,2.617
SOF-m,O=C(O)C1=CC(S(F)=O)=CC=C1,0.74,S(F)=O,1,16,0.197
SOF-p,O=C(O)C1=CC=C(S(F)=O)C=C1,0.83,S(F)=O,2,16,0.197
SOOH-m,C1=CC(=CC(=C1)S(=O)O)C(=O)O,-0.04,S(=O)O,1,16,-0.645
SOOH-p,C1=CC(=CC=C1C(=O)O)S(=O)O,-0.07,S(=O)O,2,16,-0.645
SSMe -m,O=C(O)C1=CC=CC(SSC)=C1,0.22,SSC,1,16,2.634
SSMe -p,O=C(O)C1=CC=C(SSC)C=C1,0.13,SSC,2,16,2.634
SSO2Me -m,O=C(O)C1=CC=CC(SS(OC)=O)=C1,0.43,SS(OC)=O,1,16,0.129
SSO2Me -p,O=C(O)C1=CC=C(SS(OC)=O)C=C1,0.54,SS(OC)=O,2,16,0.129
